Actual_Y,Predicted_Y
66329.33849005838,50432.45838756984
75401.41126812561,48116.164325535545
78092.79661897403,45759.7939507909
74892.97590310955,56806.684852557606
76813.01902342877,57663.790916970975
